rental_id,equipment_id,site_id,customer_id,contract_start_ts,contract_end_ts_planned,actual_end_ts,billed_days,billed_hours,rate_day,discount_pct,revenue,payment_status,late_hours,late_days,late_fee
R00001,E0087,S_B4_2,C003,2025-05-09T10:30:00+05:30,2025-05-12T20:30:00+05:30,2025-05-12T08:30:00+05:30,3,70,10000,0.068,27960,DUE,0,0,0
R00002,E0116,S_B4_1,C005,2025-07-29T08:00:00+05:30,2025-08-02T16:00:00+05:30,2025-08-02T20:00:00+05:30,5,108,7000,0.101,33565,PAID,4,1,2100
R00003,E0094,S_B3_1,C025,2025-06-29T09:15:00+05:30,2025-07-06T15:15:00+05:30,2025-07-06T12:15:00+05:30,8,171,7000,0.158,47152,PAID,0,0,0
R00004,E0081,S_B1_2,C008,2025-06-28T16:30:00+05:30,2025-07-04T02:30:00+05:30,2025-07-04T20:30:00+05:30,7,148,6500,0.092,43264,PAID,18,1,1950
R00005,E0070,S_B2_2,C028,2025-06-12T13:30:00+05:30,2025-06-16T00:30:00+05:30,2025-06-17T19:30:00+05:30,6,126,4000,0.113,23688,PAID,43,2,2400
R00006,E0048,S_B4_3,C022,2025-06-04T08:00:00+05:30,2025-06-08T17:00:00+05:30,2025-06-08T19:00:00+05:30,5,107,12000,0.102,57480,DUE,2,1,3600
R00007,E0072,S_B4_2,C024,2025-05-09T15:30:00+05:30,2025-05-13T02:30:00+05:30,2025-05-13T21:30:00+05:30,5,102,5500,0.094,26565,PAID,19,1,1650
R00008,E0004,S_B3_1,C022,2025-07-16T08:30:00+05:30,2025-07-18T18:30:00+05:30,2025-07-18T20:30:00+05:30,3,60,8500,0.069,26290.5,PAID,2,1,2550
R00009,E0125,S_B4_3,C013,2025-06-16T08:00:00+05:30,2025-06-20T16:00:00+05:30,2025-06-20T18:00:00+05:30,5,106,7000,0.088,34020,DUE,2,1,2100
R00010,E0121,S_B3_1,C028,2025-06-22T11:15:00+05:30,2025-06-27T21:15:00+05:30,2025-06-27T03:15:00+05:30,5,112,4000,0.082,18360,PAID,0,0,0
R00011,E0012,S_B4_1,C026,2025-05-26T15:00:00+05:30,2025-06-04T21:00:00+05:30,2025-06-06T17:00:00+05:30,12,266,12000,0.2,122400,PAID,44,2,7200
R00012,E0093,S_B1_3,C018,2025-05-28T14:15:00+05:30,2025-06-03T22:15:00+05:30,2025-06-05T13:15:00+05:30,8,191,12000,0.121,91584,PAID,39,2,7200
R00013,E0024,S_B2_1,C012,2025-07-10T10:00:00+05:30,2025-07-16T21:00:00+05:30,2025-07-17T21:00:00+05:30,8,179,8500,0.155,60010,PAID,24,1,2550
R00014,E0106,S_B3_2,C003,2025-05-16T09:15:00+05:30,2025-05-19T18:15:00+05:30,2025-05-19T02:15:00+05:30,3,65,8500,0.036,24582,PARTIAL,0,0,0
R00015,E0043,S_B3_3,C026,2025-06-03T13:00:00+05:30,2025-06-13T00:00:00+05:30,2025-06-12T21:00:00+05:30,10,224,12000,0.172,99360,PAID,0,0,0
R00016,E0051,S_B3_2,C013,2025-07-05T08:45:00+05:30,2025-07-06T16:45:00+05:30,2025-07-08T02:45:00+05:30,3,66,8500,0.059,29095.5,PAID,34,2,5100
R00017,E0115,S_B1_3,C001,2025-05-29T15:30:00+05:30,2025-06-03T01:30:00+05:30,2025-06-02T23:30:00+05:30,5,104,7000,0.089,31885,PAID,0,0,0
R00018,E0093,S_B1_3,C009,2025-06-27T08:00:00+05:30,2025-06-30T15:00:00+05:30,2025-07-01T15:00:00+05:30,5,103,12000,0.067,59580,PAID,24,1,3600
R00019,E0016,S_B1_3,C018,2025-05-17T08:45:00+05:30,2025-05-22T19:45:00+05:30,2025-05-23T23:45:00+05:30,7,159,5000,0.12,33800,PAID,28,2,3000
R00020,E0123,S_B1_1,C004,2025-05-14T11:30:00+05:30,2025-05-21T17:30:00+05:30,2025-05-21T12:30:00+05:30,8,169,5500,0.145,37620,PARTIAL,0,0,0
R00021,E0031,S_B4_2,C015,2025-05-15T10:00:00+05:30,2025-05-20T21:00:00+05:30,2025-05-20T19:00:00+05:30,6,129,8500,0.112,45288,PAID,0,0,0
R00022,E0044,S_B1_1,C012,2025-06-03T15:00:00+05:30,2025-06-09T22:00:00+05:30,2025-06-11T01:00:00+05:30,8,178,8500,0.154,62628,PAID,27,2,5100
R00023,E0044,S_B1_1,C022,2025-05-23T13:30:00+05:30,2025-05-28T20:30:00+05:30,2025-05-28T15:30:00+05:30,6,122,8500,0.102,45798,PAID,0,0,0
R00024,E0084,S_B1_2,C024,2025-05-13T10:30:00+05:30,2025-05-17T18:30:00+05:30,2025-05-19T08:30:00+05:30,6,142,4000,0.138,23088,PAID,38,2,2400
R00025,E0090,S_B1_1,C022,2025-06-27T09:45:00+05:30,2025-07-01T15:45:00+05:30,2025-06-30T21:45:00+05:30,4,84,12000,0.11,42720,PARTIAL,0,0,0
R00026,E0096,S_B4_1,C009,2025-06-10T14:30:00+05:30,2025-06-13T01:30:00+05:30,2025-06-13T01:30:00+05:30,3,59,8500,0.069,23740.5,DUE,0,0,0
R00027,E0055,S_B2_2,C019,2025-05-30T10:00:00+05:30,2025-06-05T20:00:00+05:30,2025-06-05T21:00:00+05:30,7,155,4000,0.102,26344,PAID,1,1,1200
R00028,E0084,S_B1_2,C013,2025-07-26T15:00:00+05:30,2025-08-01T22:00:00+05:30,2025-08-02T01:00:00+05:30,7,154,4000,0.1,26400,PAID,3,1,1200
R00029,E0051,S_B3_2,C027,2025-07-20T14:45:00+05:30,2025-07-24T23:45:00+05:30,2025-07-26T19:45:00+05:30,7,149,8500,0.101,58590.5,PAID,44,2,5100
R00030,E0083,S_B4_3,C021,2025-05-02T13:00:00+05:30,2025-05-05T22:00:00+05:30,2025-05-06T01:00:00+05:30,4,84,6500,0.07,26130,DUE,3,1,1950
R00031,E0036,S_B1_3,C012,2025-06-23T13:30:00+05:30,2025-06-29T19:30:00+05:30,2025-06-30T22:30:00+05:30,8,177,6500,0.14,48620,PAID,27,2,3900
R00032,E0034,S_B3_1,C004,2025-07-25T11:15:00+05:30,2025-07-28T22:15:00+05:30,2025-07-30T20:15:00+05:30,6,129,8500,0.091,51459,PAID,46,2,5100
R00033,E0033,S_B2_2,C022,2025-07-25T12:00:00+05:30,2025-07-29T22:00:00+05:30,2025-07-29T21:00:00+05:30,5,105,10000,0.09,45500,PARTIAL,0,0,0
R00034,E0101,S_B1_3,C008,2025-07-07T10:30:00+05:30,2025-07-13T21:30:00+05:30,2025-07-13T22:30:00+05:30,7,156,5000,0.131,31915,DUE,1,1,1500
R00035,E0121,S_B3_1,C016,2025-06-12T11:15:00+05:30,2025-06-14T22:15:00+05:30,2025-06-15T03:15:00+05:30,3,64,4000,0.051,12588,PAID,5,1,1200
R00036,E0092,S_B4_2,C001,2025-07-25T12:30:00+05:30,2025-07-28T19:30:00+05:30,2025-07-29T17:30:00+05:30,5,101,4000,0.072,19760,DUE,22,1,1200
R00037,E0122,S_B1_2,C020,2025-07-17T08:00:00+05:30,2025-07-23T17:00:00+05:30,2025-07-24T03:00:00+05:30,7,163,12000,0.106,78696,PAID,10,1,3600
R00038,E0022,S_B2_3,C029,2025-07-15T16:00:00+05:30,2025-07-17T23:00:00+05:30,2025-07-18T21:00:00+05:30,4,77,7000,0.061,28392,PAID,22,1,2100
R00039,E0060,S_B3_2,C018,2025-05-11T08:00:00+05:30,2025-05-15T17:00:00+05:30,2025-05-15T21:00:00+05:30,5,109,8500,0.076,41820,PAID,4,1,2550
R00040,E0069,S_B3_1,C011,2025-06-06T15:30:00+05:30,2025-06-09T23:30:00+05:30,2025-06-10T08:30:00+05:30,4,89,12000,0.072,48144,PAID,9,1,3600
R00041,E0048,S_B4_3,C030,2025-07-27T08:00:00+05:30,2025-08-06T17:00:00+05:30,2025-08-06T22:00:00+05:30,11,254,12000,0.153,115404,PARTIAL,5,1,3600
R00042,E0041,S_B3_3,C020,2025-07-16T08:30:00+05:30,2025-07-22T19:30:00+05:30,2025-07-22T17:30:00+05:30,7,153,5000,0.129,30485,PAID,0,0,0
R00043,E0057,S_B3_3,C008,2025-07-13T14:00:00+05:30,2025-07-19T23:00:00+05:30,2025-07-20T05:00:00+05:30,7,159,4000,0.113,26036,PAID,6,1,1200
R00044,E0014,S_B1_1,C021,2025-07-18T12:00:00+05:30,2025-07-22T20:00:00+05:30,2025-07-22T20:00:00+05:30,5,104,12000,0.072,55680,PAID,0,0,0
R00045,E0014,S_B1_1,C003,2025-06-16T09:00:00+05:30,2025-06-20T19:00:00+05:30,2025-06-22T09:00:00+05:30,6,144,12000,0.136,69408,PAID,38,2,7200
R00046,E0100,S_B4_2,C021,2025-07-27T09:00:00+05:30,2025-08-03T20:00:00+05:30,2025-08-03T16:00:00+05:30,8,175,5500,0.147,37532,PAID,0,0,0
R00047,E0100,S_B4_2,C027,2025-07-14T09:30:00+05:30,2025-07-15T16:30:00+05:30,2025-07-15T16:30:00+05:30,2,31,5500,0.037,10593,PAID,0,0,0
R00048,E0113,S_B4_2,C015,2025-07-19T08:30:00+05:30,2025-07-24T14:30:00+05:30,2025-07-24T17:30:00+05:30,6,129,5500,0.138,30096,DUE,3,1,1650
R00049,E0002,S_B1_1,C030,2025-05-13T12:30:00+05:30,2025-05-20T22:30:00+05:30,2025-05-20T17:30:00+05:30,8,173,6500,0.15,44200,PAID,0,0,0
R00050,E0057,S_B3_3,C023,2025-05-24T12:00:00+05:30,2025-05-25T21:00:00+05:30,2025-05-25T21:00:00+05:30,2,33,4000,0.056,7552,DUE,0,0,0
R00051,E0001,S_B2_1,C010,2025-06-12T14:00:00+05:30,2025-06-14T23:00:00+05:30,2025-06-15T03:00:00+05:30,3,61,6500,0.036,20748,PAID,4,1,1950
R00052,E0053,S_B3_1,C021,2025-05-12T12:00:00+05:30,2025-05-19T22:00:00+05:30,2025-05-20T01:00:00+05:30,8,181,5000,0.165,34900,DUE,3,1,1500
R00053,E0098,S_B4_1,C014,2025-05-31T09:00:00+05:30,2025-06-05T16:00:00+05:30,2025-06-06T00:00:00+05:30,6,135,10000,0.137,54780,PAID,8,1,3000
R00054,E0062,S_B3_1,C004,2025-07-07T13:15:00+05:30,2025-07-11T00:15:00+05:30,2025-07-11T06:15:00+05:30,4,89,4000,0.084,15856,PAID,6,1,1200
R00055,E0044,S_B1_1,C005,2025-06-29T13:45:00+05:30,2025-07-06T21:45:00+05:30,2025-07-06T16:45:00+05:30,8,171,8500,0.152,57664,PAID,0,0,0
R00056,E0058,S_B2_1,C002,2025-06-13T13:00:00+05:30,2025-06-18T19:00:00+05:30,2025-06-18T18:00:00+05:30,6,125,5500,0.105,29535,PAID,0,0,0
R00057,E0120,S_B4_3,C002,2025-05-30T09:45:00+05:30,2025-06-03T19:45:00+05:30,2025-06-05T08:45:00+05:30,6,143,5000,0.14,28800,PARTIAL,37,2,3000
R00058,E0120,S_B4_3,C010,2025-07-02T15:00:00+05:30,2025-07-05T00:00:00+05:30,2025-07-05T06:00:00+05:30,3,63,5000,0.063,15555,PAID,6,1,1500
R00059,E0052,S_B3_2,C016,2025-07-02T08:00:00+05:30,2025-07-08T14:00:00+05:30,2025-07-08T18:00:00+05:30,7,154,12000,0.136,76176,DUE,4,1,3600
R00060,E0023,S_B2_1,C004,2025-05-19T08:00:00+05:30,2025-05-21T14:00:00+05:30,2025-05-21T20:00:00+05:30,3,60,4000,0.042,12696,DUE,6,1,1200
R00061,E0068,S_B3_3,C004,2025-07-13T08:30:00+05:30,2025-07-23T14:30:00+05:30,2025-07-23T18:30:00+05:30,11,250,10000,0.192,91880,PAID,4,1,3000
R00062,E0103,S_B4_2,C008,2025-06-11T08:00:00+05:30,2025-06-13T17:00:00+05:30,2025-06-13T20:00:00+05:30,3,60,6500,0.073,20026.5,PAID,3,1,1950
R00063,E0091,S_B3_2,C029,2025-07-14T09:00:00+05:30,2025-07-20T15:00:00+05:30,2025-07-20T18:00:00+05:30,7,153,5500,0.121,35491.5,PAID,3,1,1650
R00064,E0036,S_B1_3,C018,2025-05-07T08:30:00+05:30,2025-05-12T16:30:00+05:30,2025-05-14T02:30:00+05:30,7,162,6500,0.095,45077.5,PAID,34,2,3900
R00065,E0060,S_B3_2,C005,2025-06-04T10:30:00+05:30,2025-06-11T17:30:00+05:30,2025-06-11T19:30:00+05:30,8,177,8500,0.127,61914,PARTIAL,2,1,2550
R00066,E0059,S_B3_2,C013,2025-06-19T11:15:00+05:30,2025-06-22T18:15:00+05:30,2025-06-22T20:15:00+05:30,4,81,5500,0.067,22176,PAID,2,1,1650
R00067,E0109,S_B1_1,C015,2025-07-03T10:00:00+05:30,2025-07-06T21:00:00+05:30,2025-07-07T04:00:00+05:30,4,90,8500,0.075,34000,PAID,7,1,2550
R00068,E0078,S_B1_1,C012,2025-07-12T12:00:00+05:30,2025-07-17T18:00:00+05:30,2025-07-18T14:00:00+05:30,7,146,8500,0.119,54969.5,PAID,20,1,2550
R00069,E0054,S_B1_3,C022,2025-07-24T10:00:00+05:30,2025-07-25T16:00:00+05:30,2025-07-25T12:00:00+05:30,2,26,5000,0.058,9420,DUE,0,0,0
R00070,E0030,S_B1_1,C024,2025-06-20T12:00:00+05:30,2025-06-25T19:00:00+05:30,2025-06-25T23:00:00+05:30,6,131,5000,0.112,28140,PAID,4,1,1500
R00071,E0041,S_B3_3,C023,2025-06-18T11:30:00+05:30,2025-06-21T20:30:00+05:30,2025-06-22T01:30:00+05:30,4,86,5000,0.085,19800,PAID,5,1,1500
R00072,E0102,S_B1_1,C018,2025-05-25T09:30:00+05:30,2025-05-31T17:30:00+05:30,2025-06-01T17:30:00+05:30,8,176,6500,0.124,47502,DUE,24,1,1950
R00073,E0099,S_B2_1,C014,2025-07-15T09:00:00+05:30,2025-07-16T17:00:00+05:30,2025-07-17T02:00:00+05:30,2,41,8500,0.067,18411,PAID,9,1,2550
R00074,E0065,S_B2_3,C019,2025-06-10T15:00:00+05:30,2025-06-17T01:00:00+05:30,2025-06-16T20:00:00+05:30,7,149,8500,0.096,53788,PAID,0,0,0
R00075,E0002,S_B1_1,C024,2025-06-16T16:30:00+05:30,2025-06-24T00:30:00+05:30,2025-06-23T22:30:00+05:30,8,174,6500,0.155,43940,PAID,0,0,0
R00076,E0079,S_B2_2,C024,2025-07-25T08:00:00+05:30,2025-08-03T17:00:00+05:30,2025-08-05T03:00:00+05:30,11,259,12000,0.192,113856,PARTIAL,34,2,7200
R00077,E0052,S_B3_2,C005,2025-05-16T11:30:00+05:30,2025-05-26T20:30:00+05:30,2025-05-26T15:30:00+05:30,11,244,12000,0.17,109560,PAID,0,0,0
R00078,E0100,S_B4_2,C029,2025-07-16T10:00:00+05:30,2025-07-22T21:00:00+05:30,2025-07-23T05:00:00+05:30,7,163,5500,0.135,34952.5,PAID,8,1,1650
R00079,E0030,S_B1_1,C014,2025-06-28T09:00:00+05:30,2025-06-30T20:00:00+05:30,2025-06-30T21:00:00+05:30,3,60,5000,0.034,15990,PAID,1,1,1500
R00080,E0066,S_B2_2,C021,2025-07-17T12:15:00+05:30,2025-07-23T20:15:00+05:30,2025-07-23T22:15:00+05:30,7,154,8500,0.093,56516.5,PAID,2,1,2550
R00081,E0064,S_B4_1,C004,2025-07-08T09:30:00+05:30,2025-07-13T17:30:00+05:30,2025-07-13T19:30:00+05:30,6,130,12000,0.115,67320,PARTIAL,2,1,3600
R00082,E0084,S_B1_2,C027,2025-07-18T12:30:00+05:30,2025-07-21T20:30:00+05:30,2025-07-22T01:30:00+05:30,4,85,4000,0.065,16160,PAID,5,1,1200
R00083,E0073,S_B2_2,C016,2025-06-18T16:15:00+05:30,2025-06-21T23:15:00+05:30,2025-06-22T14:15:00+05:30,4,94,4000,0.061,16224,PARTIAL,15,1,1200
R00084,E0120,S_B4_3,C020,2025-05-18T10:00:00+05:30,2025-05-19T19:00:00+05:30,2025-05-19T04:00:00+05:30,1,18,5000,0.035,4825,PAID,0,0,0
R00085,E0053,S_B3_1,C014,2025-05-26T16:15:00+05:30,2025-06-03T00:15:00+05:30,2025-06-03T02:15:00+05:30,8,178,5000,0.156,35260,PARTIAL,2,1,1500
R00086,E0019,S_B1_3,C009,2025-07-23T14:30:00+05:30,2025-07-26T23:30:00+05:30,2025-07-27T02:30:00+05:30,4,84,12000,0.088,47376,DUE,3,1,3600
R00087,E0101,S_B1_3,C002,2025-06-08T16:00:00+05:30,2025-06-16T02:00:00+05:30,2025-06-16T05:00:00+05:30,8,181,5000,0.137,36020,PAID,3,1,1500
R00088,E0009,S_B2_3,C023,2025-05-28T14:00:00+05:30,2025-06-08T01:00:00+05:30,2025-06-07T23:00:00+05:30,11,249,12000,0.171,109428,DUE,0,0,0
R00089,E0009,S_B2_3,C012,2025-07-29T08:15:00+05:30,2025-08-07T15:15:00+05:30,2025-08-07T21:15:00+05:30,10,229,12000,0.152,105360,PAID,6,1,3600
R00090,E0003,S_B4_3,C007,2025-07-27T08:15:00+05:30,2025-07-28T18:15:00+05:30,2025-07-28T21:15:00+05:30,2,37,8500,0.073,18309,DUE,3,1,2550
R00091,E0065,S_B2_3,C015,2025-06-06T08:00:00+05:30,2025-06-12T14:00:00+05:30,2025-06-12T16:00:00+05:30,7,152,8500,0.09,56695,PAID,2,1,2550
R00092,E0035,S_B1_1,C015,2025-05-25T08:00:00+05:30,2025-06-02T19:00:00+05:30,2025-06-02T16:00:00+05:30,9,200,10000,0.163,75330,PAID,0,0,0
R00093,E0014,S_B1_1,C008,2025-05-22T15:00:00+05:30,2025-05-29T23:00:00+05:30,2025-05-30T18:00:00+05:30,9,195,12000,0.164,93888,PAID,19,1,3600
R00094,E0096,S_B4_1,C028,2025-07-02T10:30:00+05:30,2025-07-03T18:30:00+05:30,2025-07-03T22:30:00+05:30,2,36,8500,0.045,18785,PAID,4,1,2550
R00095,E0010,S_B3_1,C012,2025-06-19T11:45:00+05:30,2025-06-28T21:45:00+05:30,2025-06-28T15:45:00+05:30,10,220,10000,0.196,80400,PAID,0,0,0
R00096,E0009,S_B2_3,C004,2025-06-06T08:00:00+05:30,2025-06-09T16:00:00+05:30,2025-06-08T20:00:00+05:30,3,60,12000,0.053,34092,PAID,0,0,0
R00097,E0113,S_B4_2,C022,2025-07-21T10:45:00+05:30,2025-07-24T21:45:00+05:30,2025-07-25T00:45:00+05:30,4,86,5500,0.074,22022,PARTIAL,3,1,1650
R00098,E0053,S_B3_1,C012,2025-06-05T09:45:00+05:30,2025-06-07T16:45:00+05:30,2025-06-07T16:45:00+05:30,3,55,5000,0.06,14100,DUE,0,0,0
R00099,E0083,S_B4_3,C018,2025-05-03T09:00:00+05:30,2025-05-06T16:00:00+05:30,2025-05-06T12:00:00+05:30,4,75,6500,0.074,24076,PAID,0,0,0
R00100,E0105,S_B2_2,C029,2025-05-24T14:00:00+05:30,2025-06-02T22:00:00+05:30,2025-06-02T23:00:00+05:30,10,225,12000,0.191,100680,PARTIAL,1,1,3600
R00101,E0057,S_B3_3,C021,2025-07-02T14:00:00+05:30,2025-07-04T23:00:00+05:30,2025-07-05T20:00:00+05:30,4,78,4000,0.108,15472,PAID,21,1,1200
R00102,E0051,S_B3_2,C012,2025-06-30T10:00:00+05:30,2025-07-07T21:00:00+05:30,2025-07-08T11:00:00+05:30,9,193,8500,0.132,68952,PAID,14,1,2550
R00103,E0073,S_B2_2,C002,2025-05-04T10:00:00+05:30,2025-05-10T17:00:00+05:30,2025-05-10T12:00:00+05:30,7,146,4000,0.109,24948,PAID,0,0,0
R00104,E0090,S_B1_1,C013,2025-05-11T13:00:00+05:30,2025-05-16T21:00:00+05:30,2025-05-16T20:00:00+05:30,6,127,12000,0.09,65520,PAID,0,0,0
R00105,E0079,S_B2_2,C009,2025-06-08T08:00:00+05:30,2025-06-13T16:00:00+05:30,2025-06-14T12:00:00+05:30,7,148,12000,0.129,76764,DUE,20,1,3600
R00106,E0101,S_B1_3,C007,2025-06-09T09:00:00+05:30,2025-06-14T16:00:00+05:30,2025-06-14T21:00:00+05:30,6,132,5000,0.101,28470,PAID,5,1,1500
R00107,E0060,S_B3_2,C004,2025-07-02T16:00:00+05:30,2025-07-07T00:00:00+05:30,2025-07-06T20:00:00+05:30,5,100,8500,0.062,39865,PAID,0,0,0
R00108,E0020,S_B1_1,C028,2025-05-14T16:00:00+05:30,2025-05-21T23:00:00+05:30,2025-05-21T02:00:00+05:30,7,154,8500,0.121,52300.5,PAID,0,0,0
R00109,E0016,S_B1_3,C027,2025-05-11T11:15:00+05:30,2025-05-16T22:15:00+05:30,2025-05-16T04:15:00+05:30,5,113,5000,0.091,22725,PAID,0,0,0
R00110,E0107,S_B4_2,C015,2025-07-18T14:30:00+05:30,2025-07-21T21:30:00+05:30,2025-07-21T22:30:00+05:30,4,80,5000,0.09,19700,PARTIAL,1,1,1500
R00111,E0016,S_B1_3,C003,2025-06-11T10:30:00+05:30,2025-06-13T17:30:00+05:30,2025-06-13T12:30:00+05:30,3,50,5000,0.041,14385,PAID,0,0,0
R00112,E0052,S_B3_2,C022,2025-06-25T09:00:00+05:30,2025-06-28T19:00:00+05:30,2025-06-28T02:00:00+05:30,3,65,12000,0.038,34632,DUE,0,0,0
R00113,E0023,S_B2_1,C007,2025-07-17T13:00:00+05:30,2025-07-22T19:00:00+05:30,2025-07-23T00:00:00+05:30,6,131,4000,0.096,22896,PAID,5,1,1200
R00114,E0004,S_B3_1,C021,2025-07-01T08:00:00+05:30,2025-07-06T14:00:00+05:30,2025-07-06T12:00:00+05:30,6,124,8500,0.091,46359,PARTIAL,0,0,0
R00115,E0038,S_B3_2,C021,2025-06-23T08:30:00+05:30,2025-06-28T14:30:00+05:30,2025-06-28T19:30:00+05:30,6,131,4000,0.121,22296,PAID,5,1,1200
R00116,E0059,S_B3_2,C020,2025-07-06T12:00:00+05:30,2025-07-07T20:00:00+05:30,2025-07-07T22:00:00+05:30,2,34,5500,0.031,12309,PAID,2,1,1650
R00117,E0006,S_B1_3,C001,2025-05-15T15:00:00+05:30,2025-05-18T00:00:00+05:30,2025-05-18T01:00:00+05:30,3,58,8500,0.05,26775,DUE,1,1,2550
R00118,E0029,S_B4_1,C002,2025-06-19T11:30:00+05:30,2025-06-25T21:30:00+05:30,2025-06-26T03:30:00+05:30,7,160,6500,0.116,42172,PAID,6,1,1950
R00119,E0023,S_B2_1,C026,2025-05-04T11:00:00+05:30,2025-05-10T22:00:00+05:30,2025-05-10T17:00:00+05:30,7,150,4000,0.11,24920,DUE,0,0,0
R00120,E0061,S_B1_2,C011,2025-06-13T16:00:00+05:30,2025-06-21T23:00:00+05:30,2025-06-22T05:00:00+05:30,9,205,12000,0.131,97452,PAID,6,1,3600
R00121,E0024,S_B2_1,C008,2025-07-23T13:30:00+05:30,2025-07-28T21:30:00+05:30,2025-07-28T16:30:00+05:30,6,123,8500,0.127,44523,DUE,0,0,0
R00122,E0138,S_B2_1,C005,2025-07-08T11:00:00+05:30,2025-07-18T21:00:00+05:30,2025-07-19T02:00:00+05:30,11,255,10000,0.155,95950,PAID,5,1,3000
R00123,E0031,S_B4_2,C026,2025-06-09T08:45:00+05:30,2025-06-15T19:45:00+05:30,2025-06-15T17:45:00+05:30,7,153,8500,0.134,51527,PAID,0,0,0
R00124,E0103,S_B4_2,C019,2025-06-27T12:15:00+05:30,2025-06-30T20:15:00+05:30,2025-06-30T19:15:00+05:30,4,79,6500,0.107,23218,PAID,0,0,0
R00125,E0040,S_B2_2,C007,2025-05-07T10:00:00+05:30,2025-05-09T20:00:00+05:30,2025-05-10T03:00:00+05:30,3,65,4000,0.064,12432,PAID,7,1,1200
R00126,E0128,S_B1_2,C003,2025-05-03T09:00:00+05:30,2025-05-10T17:00:00+05:30,2025-05-10T20:00:00+05:30,8,179,6500,0.134,46982,PAID,3,1,1950
R00127,E0001,S_B2_1,C027,2025-07-29T11:00:00+05:30,2025-07-31T19:00:00+05:30,2025-07-31T00:00:00+05:30,2,37,6500,0.054,12298,PARTIAL,0,0,0
R00128,E0075,S_B1_1,C025,2025-05-23T11:00:00+05:30,2025-05-27T18:00:00+05:30,2025-05-28T09:00:00+05:30,5,118,10000,0.104,47800,PARTIAL,15,1,3000
R00129,E0017,S_B4_1,C018,2025-07-10T16:45:00+05:30,2025-07-14T03:45:00+05:30,2025-07-13T12:45:00+05:30,3,68,5000,0.045,14325,PAID,0,0,0
R00130,E0111,S_B3_2,C007,2025-05-13T08:30:00+05:30,2025-05-19T17:30:00+05:30,2025-05-19T17:30:00+05:30,7,153,5500,0.103,34534.5,PAID,0,0,0
R00131,E0007,S_B2_2,C019,2025-05-16T15:15:00+05:30,2025-05-21T01:15:00+05:30,2025-05-22T17:15:00+05:30,7,146,4000,0.11,27320,DUE,40,2,2400
R00132,E0118,S_B2_2,C007,2025-06-04T14:00:00+05:30,2025-06-14T22:00:00+05:30,2025-06-14T17:00:00+05:30,11,243,10000,0.155,92950,PAID,0,0,0
R00133,E0051,S_B3_2,C027,2025-05-17T08:00:00+05:30,2025-05-23T14:00:00+05:30,2025-05-24T12:00:00+05:30,8,172,8500,0.156,59942,PARTIAL,22,1,2550
R00134,E0080,S_B2_3,C028,2025-06-22T09:00:00+05:30,2025-06-30T16:00:00+05:30,2025-07-01T06:00:00+05:30,9,213,12000,0.167,93564,PARTIAL,14,1,3600
R00135,E0131,S_B3_3,C008,2025-05-15T14:00:00+05:30,2025-05-17T22:00:00+05:30,2025-05-17T21:00:00+05:30,3,55,7000,0.052,19908,PAID,0,0,0
R00136,E0095,S_B2_2,C011,2025-06-19T08:45:00+05:30,2025-06-25T19:45:00+05:30,2025-06-27T16:45:00+05:30,9,200,12000,0.148,99216,PAID,45,2,7200
R00137,E0012,S_B4_1,C025,2025-05-16T08:00:00+05:30,2025-05-20T19:00:00+05:30,2025-05-22T15:00:00+05:30,7,151,12000,0.113,81708,PAID,44,2,7200
R00138,E0072,S_B4_2,C005,2025-06-25T11:00:00+05:30,2025-07-01T22:00:00+05:30,2025-07-02T02:00:00+05:30,7,159,5500,0.113,35799.5,PAID,4,1,1650
R00139,E0125,S_B4_3,C026,2025-07-08T16:00:00+05:30,2025-07-12T22:00:00+05:30,2025-07-13T01:00:00+05:30,5,105,7000,0.091,33915,DUE,3,1,2100
R00140,E0062,S_B3_1,C029,2025-07-13T14:00:00+05:30,2025-07-16T01:00:00+05:30,2025-07-15T22:00:00+05:30,3,56,4000,0.03,11640,PARTIAL,0,0,0
R00141,E0122,S_B1_2,C020,2025-06-28T09:00:00+05:30,2025-07-04T19:00:00+05:30,2025-07-05T02:00:00+05:30,7,161,12000,0.122,77352,PAID,7,1,3600
R00142,E0045,S_B4_3,C001,2025-05-15T09:30:00+05:30,2025-05-22T19:30:00+05:30,2025-05-22T18:30:00+05:30,8,177,7000,0.15,47600,PAID,0,0,0
R00143,E0130,S_B2_2,C009,2025-06-26T10:00:00+05:30,2025-07-03T16:00:00+05:30,2025-07-03T18:00:00+05:30,8,176,7000,0.122,51268,PAID,2,1,2100
R00144,E0037,S_B3_2,C028,2025-05-27T14:45:00+05:30,2025-06-03T22:45:00+05:30,2025-06-03T22:45:00+05:30,8,176,8500,0.135,58820,PARTIAL,0,0,0
R00145,E0062,S_B3_1,C005,2025-07-05T13:00:00+05:30,2025-07-09T00:00:00+05:30,2025-07-09T01:00:00+05:30,4,84,4000,0.085,15840,PARTIAL,1,1,1200
R00146,E0005,S_B3_2,C005,2025-05-31T12:00:00+05:30,2025-06-03T22:00:00+05:30,2025-06-03T21:00:00+05:30,4,81,4000,0.066,14944,PAID,0,0,0
R00147,E0046,S_B1_2,C018,2025-05-30T12:15:00+05:30,2025-06-04T19:15:00+05:30,2025-06-04T20:15:00+05:30,6,128,8500,0.1,48450,DUE,1,1,2550
R00148,E0004,S_B3_1,C009,2025-07-26T09:15:00+05:30,2025-08-02T16:15:00+05:30,2025-08-02T23:15:00+05:30,8,182,8500,0.127,61914,PAID,7,1,2550
R00149,E0071,S_B4_2,C026,2025-05-26T16:00:00+05:30,2025-06-06T01:00:00+05:30,2025-06-06T04:00:00+05:30,11,252,12000,0.181,111708,PAID,3,1,3600
R00150,E0106,S_B3_2,C006,2025-07-27T12:00:00+05:30,2025-08-02T23:00:00+05:30,2025-08-03T20:00:00+05:30,8,176,8500,0.121,62322,PAID,21,1,2550
R00151,E0137,S_B1_3,C004,2025-07-03T15:15:00+05:30,2025-07-09T22:15:00+05:30,2025-07-10T04:15:00+05:30,7,157,12000,0.106,78696,PAID,6,1,3600
R00152,E0137,S_B1_3,C022,2025-07-04T12:00:00+05:30,2025-07-13T19:00:00+05:30,2025-07-14T01:00:00+05:30,10,229,12000,0.192,100560,PARTIAL,6,1,3600
R00153,E0096,S_B4_1,C028,2025-07-24T14:30:00+05:30,2025-07-27T00:30:00+05:30,2025-07-27T02:30:00+05:30,3,60,8500,0.042,26979,PAID,2,1,2550
R00154,E0065,S_B2_3,C001,2025-06-11T09:00:00+05:30,2025-06-15T18:00:00+05:30,2025-06-15T15:00:00+05:30,5,102,8500,0.101,38207.5,PARTIAL,0,0,0
R00155,E0120,S_B4_3,C005,2025-05-21T08:00:00+05:30,2025-05-22T16:00:00+05:30,2025-05-22T11:00:00+05:30,2,27,5000,0.037,9630,DUE,0,0,0
R00156,E0127,S_B1_2,C001,2025-07-17T08:00:00+05:30,2025-07-21T19:00:00+05:30,2025-07-23T16:00:00+05:30,7,152,6500,0.111,44349.5,PAID,45,2,3900
R00157,E0008,S_B3_1,C012,2025-05-15T16:45:00+05:30,2025-05-19T03:45:00+05:30,2025-05-18T22:45:00+05:30,4,78,12000,0.074,44448,PARTIAL,0,0,0
R00158,E0128,S_B1_2,C026,2025-05-21T08:30:00+05:30,2025-05-26T17:30:00+05:30,2025-05-26T13:30:00+05:30,6,125,6500,0.118,34398,PAID,0,0,0
R00159,E0039,S_B2_3,C026,2025-05-28T12:45:00+05:30,2025-06-02T18:45:00+05:30,2025-06-03T00:45:00+05:30,6,132,6500,0.095,37245,DUE,6,1,1950
R00160,E0035,S_B1_1,C008,2025-05-11T09:00:00+05:30,2025-05-15T17:00:00+05:30,2025-05-15T01:00:00+05:30,4,88,10000,0.078,36880,DUE,0,0,0
R00161,E0083,S_B4_3,C019,2025-07-01T15:30:00+05:30,2025-07-08T23:30:00+05:30,2025-07-09T11:30:00+05:30,8,188,6500,0.16,45630,PAID,12,1,1950
R00162,E0053,S_B3_1,C011,2025-07-08T15:00:00+05:30,2025-07-13T02:00:00+05:30,2025-07-12T09:00:00+05:30,4,90,5000,0.087,18260,PAID,0,0,0
R00163,E0012,S_B4_1,C001,2025-05-15T08:00:00+05:30,2025-05-21T19:00:00+05:30,2025-05-21T12:00:00+05:30,7,148,12000,0.123,73668,DUE,0,0,0
R00164,E0021,S_B2_1,C006,2025-06-01T08:30:00+05:30,2025-06-03T15:30:00+05:30,2025-06-03T19:30:00+05:30,3,59,6500,0.071,20065.5,PAID,4,1,1950
R00165,E0031,S_B4_2,C009,2025-06-08T13:00:00+05:30,2025-06-11T20:00:00+05:30,2025-06-11T23:00:00+05:30,4,82,8500,0.098,33218,PAID,3,1,2550
R00166,E0007,S_B2_2,C002,2025-05-29T09:00:00+05:30,2025-06-01T18:00:00+05:30,2025-06-03T06:00:00+05:30,5,117,4000,0.064,21120,PAID,36,2,2400
R00167,E0086,S_B2_1,C005,2025-05-15T15:00:00+05:30,2025-05-24T02:00:00+05:30,2025-05-26T01:00:00+05:30,11,250,10000,0.172,97080,PAID,47,2,6000
R00168,E0130,S_B2_2,C024,2025-06-30T15:45:00+05:30,2025-07-08T02:45:00+05:30,2025-07-09T08:45:00+05:30,9,209,7000,0.153,57561,PAID,30,2,4200
R00169,E0062,S_B3_1,C014,2025-05-21T13:15:00+05:30,2025-05-27T22:15:00+05:30,2025-05-27T20:15:00+05:30,7,151,4000,0.091,25452,PAID,0,0,0
R00170,E0134,S_B3_3,C017,2025-07-05T12:00:00+05:30,2025-07-10T19:00:00+05:30,2025-07-10T18:00:00+05:30,6,126,10000,0.131,52140,PAID,0,0,0
R00171,E0063,S_B1_2,C004,2025-05-15T09:00:00+05:30,2025-05-18T15:00:00+05:30,2025-05-18T13:00:00+05:30,4,76,8500,0.094,30804,PAID,0,0,0
R00172,E0083,S_B4_3,C024,2025-06-03T09:30:00+05:30,2025-06-04T19:30:00+05:30,2025-06-06T02:30:00+05:30,3,65,6500,0.075,21937.5,PAID,31,2,3900
R00173,E0015,S_B4_3,C003,2025-07-16T16:00:00+05:30,2025-07-21T00:00:00+05:30,2025-07-20T20:00:00+05:30,5,100,7000,0.07,32550,DUE,0,0,0
R00174,E0048,S_B4_3,C016,2025-05-03T08:00:00+05:30,2025-05-06T16:00:00+05:30,2025-05-06T20:00:00+05:30,4,84,12000,0.103,46656,PAID,4,1,3600
R00175,E0096,S_B4_1,C015,2025-05-13T10:00:00+05:30,2025-05-17T18:00:00+05:30,2025-05-19T14:00:00+05:30,7,148,8500,0.1,58650,PARTIAL,44,2,5100
R00176,E0074,S_B4_3,C025,2025-06-26T16:00:00+05:30,2025-07-02T22:00:00+05:30,2025-07-03T20:00:00+05:30,8,172,5500,0.126,40106,PARTIAL,22,1,1650
R00177,E0034,S_B3_1,C012,2025-06-27T14:30:00+05:30,2025-07-02T23:30:00+05:30,2025-07-02T22:30:00+05:30,6,128,8500,0.11,45390,PAID,0,0,0
R00178,E0035,S_B1_1,C017,2025-05-05T16:15:00+05:30,2025-05-15T03:15:00+05:30,2025-05-14T23:15:00+05:30,10,223,10000,0.175,82500,PAID,0,0,0
R00179,E0130,S_B2_2,C019,2025-05-27T10:00:00+05:30,2025-06-03T20:00:00+05:30,2025-06-05T00:00:00+05:30,9,206,7000,0.136,58632,PAID,28,2,4200
R00180,E0132,S_B4_2,C004,2025-07-30T15:15:00+05:30,2025-08-06T23:15:00+05:30,2025-08-06T22:15:00+05:30,8,175,10000,0.152,67840,PARTIAL,0,0,0
R00181,E0137,S_B1_3,C015,2025-06-09T16:00:00+05:30,2025-06-14T23:00:00+05:30,2025-06-14T22:00:00+05:30,6,126,12000,0.113,63864,DUE,0,0,0
R00182,E0070,S_B2_2,C017,2025-06-02T09:00:00+05:30,2025-06-06T15:00:00+05:30,2025-06-05T23:00:00+05:30,4,86,4000,0.068,14912,DUE,0,0,0
R00183,E0044,S_B1_1,C008,2025-07-29T09:15:00+05:30,2025-08-01T19:15:00+05:30,2025-08-03T07:15:00+05:30,5,118,8500,0.101,43307.5,PARTIAL,36,2,5100
R00184,E0067,S_B4_1,C020,2025-05-17T13:00:00+05:30,2025-05-22T22:00:00+05:30,2025-05-24T19:00:00+05:30,8,174,4000,0.166,29088,PAID,45,2,2400
R00185,E0095,S_B2_2,C002,2025-07-30T08:15:00+05:30,2025-08-09T17:15:00+05:30,2025-08-09T00:15:00+05:30,10,232,12000,0.193,96840,PAID,0,0,0
R00186,E0080,S_B2_3,C024,2025-07-08T10:00:00+05:30,2025-07-17T21:00:00+05:30,2025-07-17T19:00:00+05:30,10,225,12000,0.169,99720,PAID,0,0,0
R00187,E0028,S_B4_3,C026,2025-05-06T08:30:00+05:30,2025-05-10T16:30:00+05:30,2025-05-10T13:30:00+05:30,5,101,10000,0.108,44600,PARTIAL,0,0,0
R00188,E0132,S_B4_2,C030,2025-07-28T09:15:00+05:30,2025-08-07T18:15:00+05:30,2025-08-08T12:15:00+05:30,12,267,10000,0.2,99000,PAID,18,1,3000
R00189,E0063,S_B1_2,C028,2025-05-23T16:15:00+05:30,2025-05-28T03:15:00+05:30,2025-05-28T23:15:00+05:30,6,127,8500,0.111,47889,PAID,20,1,2550
R00190,E0069,S_B3_1,C022,2025-07-21T15:00:00+05:30,2025-07-29T22:00:00+05:30,2025-07-29T16:00:00+05:30,9,193,12000,0.146,92232,PAID,0,0,0
R00191,E0072,S_B4_2,C017,2025-05-03T13:00:00+05:30,2025-05-08T23:00:00+05:30,2025-05-10T13:00:00+05:30,7,168,5500,0.092,38258,PAID,38,2,3300
R00192,E0047,S_B3_1,C010,2025-06-26T11:00:00+05:30,2025-06-30T17:00:00+05:30,2025-07-01T17:00:00+05:30,6,126,7000,0.095,40110,PARTIAL,24,1,2100
R00193,E0106,S_B3_2,C015,2025-06-01T10:30:00+05:30,2025-06-04T21:30:00+05:30,2025-06-04T10:30:00+05:30,3,72,8500,0.074,23613,PAID,0,0,0
R00194,E0115,S_B1_3,C021,2025-06-29T10:00:00+05:30,2025-07-02T16:00:00+05:30,2025-07-02T14:00:00+05:30,4,76,7000,0.108,24976,PAID,0,0,0
R00195,E0098,S_B4_1,C001,2025-07-31T13:00:00+05:30,2025-08-10T21:00:00+05:30,2025-08-10T15:00:00+05:30,11,242,10000,0.192,88880,PAID,0,0,0
R00196,E0098,S_B4_1,C002,2025-05-27T15:00:00+05:30,2025-06-05T00:00:00+05:30,2025-06-05T05:00:00+05:30,9,206,10000,0.14,80400,PAID,5,1,3000
R00197,E0110,S_B4_1,C016,2025-06-22T08:45:00+05:30,2025-06-27T18:45:00+05:30,2025-06-28T03:45:00+05:30,6,139,10000,0.138,54720,PAID,9,1,3000
R00198,E0086,S_B2_1,C028,2025-07-02T13:30:00+05:30,2025-07-07T00:30:00+05:30,2025-07-06T22:30:00+05:30,5,105,10000,0.066,46700,DUE,0,0,0
R00199,E0053,S_B3_1,C013,2025-07-26T11:00:00+05:30,2025-08-02T22:00:00+05:30,2025-08-02T21:00:00+05:30,8,178,5000,0.144,34240,PAID,0,0,0
R00200,E0052,S_B3_2,C014,2025-07-04T10:00:00+05:30,2025-07-10T16:00:00+05:30,2025-07-09T18:00:00+05:30,6,128,12000,0.129,62712,PAID,0,0,0
R00201,E0040,S_B2_2,C022,2025-05-18T12:00:00+05:30,2025-05-25T19:00:00+05:30,2025-05-26T03:00:00+05:30,8,183,4000,0.169,27792,PAID,8,1,1200
R00202,E0116,S_B4_1,C004,2025-06-05T16:45:00+05:30,2025-06-09T22:45:00+05:30,2025-06-09T03:45:00+05:30,4,83,7000,0.068,26096,PAID,0,0,0
R00203,E0016,S_B1_3,C016,2025-05-14T11:45:00+05:30,2025-05-16T18:45:00+05:30,2025-05-16T18:45:00+05:30,3,55,5000,0.04,14400,DUE,0,0,0
R00204,E0001,S_B2_1,C023,2025-07-19T15:45:00+05:30,2025-07-24T21:45:00+05:30,2025-07-24T05:45:00+05:30,5,110,6500,0.071,30192.5,PAID,0,0,0
R00205,E0027,S_B4_2,C030,2025-06-27T10:30:00+05:30,2025-07-04T16:30:00+05:30,2025-07-05T18:30:00+05:30,9,200,5500,0.136,46068,DUE,26,2,3300
R00206,E0079,S_B2_2,C015,2025-05-17T10:00:00+05:30,2025-05-26T20:00:00+05:30,2025-05-28T06:00:00+05:30,11,260,12000,0.159,118212,PAID,34,2,7200
R00207,E0123,S_B1_1,C003,2025-07-26T11:00:00+05:30,2025-07-27T20:00:00+05:30,2025-07-27T17:00:00+05:30,2,30,5500,0.054,10406,PAID,0,0,0
R00208,E0076,S_B3_1,C029,2025-07-31T10:00:00+05:30,2025-08-07T17:00:00+05:30,2025-08-07T13:00:00+05:30,8,171,10000,0.123,70160,PARTIAL,0,0,0
R00209,E0092,S_B4_2,C003,2025-05-02T15:00:00+05:30,2025-05-07T01:00:00+05:30,2025-05-06T19:00:00+05:30,5,100,4000,0.092,18160,DUE,0,0,0
R00210,E0073,S_B2_2,C011,2025-07-23T12:30:00+05:30,2025-07-26T22:30:00+05:30,2025-07-28T04:30:00+05:30,5,112,4000,0.093,20540,DUE,30,2,2400
R00211,E0016,S_B1_3,C020,2025-07-25T10:00:00+05:30,2025-08-01T19:00:00+05:30,2025-08-01T23:00:00+05:30,8,181,5000,0.157,35220,PAID,4,1,1500
R00212,E0097,S_B2_1,C005,2025-06-18T14:00:00+05:30,2025-06-20T22:00:00+05:30,2025-06-20T18:00:00+05:30,3,52,5000,0.067,13995,PARTIAL,0,0,0
R00213,E0045,S_B4_3,C003,2025-07-07T08:45:00+05:30,2025-07-09T18:45:00+05:30,2025-07-10T02:45:00+05:30,3,66,7000,0.045,22155,PAID,8,1,2100
R00214,E0001,S_B2_1,C005,2025-05-18T14:30:00+05:30,2025-05-26T01:30:00+05:30,2025-05-26T10:30:00+05:30,8,188,6500,0.144,46462,PAID,9,1,1950
R00215,E0070,S_B2_2,C009,2025-06-05T09:00:00+05:30,2025-06-07T19:00:00+05:30,2025-06-07T20:00:00+05:30,3,59,4000,0.033,12804,PAID,1,1,1200
R00216,E0062,S_B3_1,C020,2025-05-23T14:30:00+05:30,2025-05-29T21:30:00+05:30,2025-05-29T20:30:00+05:30,7,150,4000,0.102,25144,PAID,0,0,0
R00217,E0111,S_B3_2,C021,2025-05-17T10:00:00+05:30,2025-05-19T20:00:00+05:30,2025-05-19T17:00:00+05:30,3,55,5500,0.046,15741,PAID,0,0,0
R00218,E0063,S_B1_2,C019,2025-06-03T10:00:00+05:30,2025-06-04T21:00:00+05:30,2025-06-05T15:00:00+05:30,3,53,8500,0.068,26316,PARTIAL,18,1,2550
R00219,E0114,S_B4_1,C018,2025-06-03T12:30:00+05:30,2025-06-07T21:30:00+05:30,2025-06-08T03:30:00+05:30,5,111,4000,0.104,19120,PARTIAL,6,1,1200
R00220,E0087,S_B4_2,C023,2025-06-16T10:00:00+05:30,2025-06-24T16:00:00+05:30,2025-06-24T16:00:00+05:30,9,198,10000,0.14,77400,PAID,0,0,0
